-- MySQL dump 10.13  Distrib 5.7.9, for Win32 (AMD64)
--
-- Host: localhost    Database: adm
-- ------------------------------------------------------
-- Server version	5.6.28-log

/*!40101 SET @OLD_CHARACTER_SET_CLIENT=@@CHARACTER_SET_CLIENT */;
/*!40101 SET @OLD_CHARACTER_SET_RESULTS=@@CHARACTER_SET_RESULTS */;
/*!40101 SET @OLD_COLLATION_CONNECTION=@@COLLATION_CONNECTION */;
/*!40101 SET NAMES utf8 */;
/*!40103 SET @OLD_TIME_ZONE=@@TIME_ZONE */;
/*!40103 SET TIME_ZONE='+00:00' */;
/*!40014 SET @OLD_UNIQUE_CHECKS=@@UNIQUE_CHECKS, UNIQUE_CHECKS=0 */;
/*!40014 SET @OLD_FOREIGN_KEY_CHECKS=@@FOREIGN_KEY_CHECKS, FOREIGN_KEY_CHECKS=0 */;
/*!40101 SET @OLD_SQL_MODE=@@SQL_MODE, SQL_MODE='NO_AUTO_VALUE_ON_ZERO' */;
/*!40111 SET @OLD_SQL_NOTES=@@SQL_NOTES, SQL_NOTES=0 */;

--
-- Table structure for table `event`
--

DROP TABLE IF EXISTS `event`;
/*!40101 SET @saved_cs_client     = @@character_set_client */;
/*!40101 SET character_set_client = utf8 */;
CREATE TABLE `event` (
  `eventID` int(11) NOT NULL AUTO_INCREMENT,
  `orgcode` varchar(45) NOT NULL,
  `eventname` varchar(100) NOT NULL,
  `eventtypeID` int(11) NOT NULL,
  `eventdesc` varchar(500) DEFAULT NULL,
  `postact_deadline` date NOT NULL,
  `postact_status` varchar(50) NOT NULL,
  PRIMARY KEY (`eventID`),
  KEY `orgcode_idx` (`orgcode`),
  KEY `eventtypeID_idx` (`eventtypeID`),
  CONSTRAINT `event_ibfk_1` FOREIGN KEY (`orgcode`) REFERENCES `org` (`orgcode`) ON DELETE NO ACTION ON UPDATE NO ACTION,
  CONSTRAINT `eventtypeID` FOREIGN KEY (`eventtypeID`) REFERENCES `event_type` (`eventtypeID`) ON DELETE NO ACTION ON UPDATE NO ACTION
) ENGINE=InnoDB AUTO_INCREMENT=319 DEFAULT CHARSET=utf8;
/*!40101 SET character_set_client = @saved_cs_client */;

--
-- Dumping data for table `event`
--

LOCK TABLES `event` WRITE;
/*!40000 ALTER TABLE `event` DISABLE KEYS */;
INSERT INTO `event` VALUES (1,'econorg','AdHoc Recruitment',22,'Organizational Development','2016-10-16','DONE'),(2,'nkk','NKK Junior Officer Recruitment',22,'Organizational Development','2016-10-01','DONE'),(3,'nkk','NKK JuniorOfficer Training',28,'Organizational Development','2016-10-21','DONE'),(4,'econorg','NKK Officers Meeting',20,'Organizational Development','2016-10-19','DONE'),(5,'jpia','Selection of Officers Program: Officer Recruitment',22,'Organizational Development','2016-10-20','DONE'),(6,'jpia','Leaders\' Exposure Meeting',20,'Organizational Development','2016-10-05','DONE'),(7,'sms','THESIS-it! (Thesis Orientation)',24,'Academic','2016-11-21','PENDING'),(8,'esa','Thesis Orientation',24,'Academic','2016-10-16','DONE'),(9,'wg','Scribes Recruitment 2',22,'Organizational Development','2016-11-23','PENDING'),(10,'bms','Junior Officer Training Program',28,'Organizational Development','2016-11-20','PENDING'),(11,'bms','Empowering Officers Program',28,'Organizational Development','2016-11-27','PENDING'),(12,'ces','CES Officers Awarding',3,'Organizational Development','2016-11-26','PENDING'),(13,'ces','CES Officers Meeting',20,'Organizational Development','2016-11-27','PENDING'),(14,'chemsoc','Build A Lab: Team Recruitment',22,'Community Engagement','2016-10-04','DONE'),(15,'englicom','2nd General Assembly (The Amazing Race Edition)',18,'Organizational Development','2016-11-19','PENDING'),(16,'bms','APC 161 Uncovering the Application Process: Checklist II',4,'Academic','2016-10-01','DONE'),(17,'unisto','Language Tutorial Program',29,'Special Interest','2016-10-02','DONE'),(18,'mes','Thesis Assistance Seminar',24,'Academic','2016-11-02','PENDING'),(19,'leylasalle','Chinese New Year CeLEYbration',18,'Organizational Development','2016-10-24','DONE'),(20,'nkk','Akashiro',4,'Organizational Development','2016-11-04','PENDING'),(21,'mafia','Grab a Copy I: MaFIA Online Notes',10,'Academic','2016-11-05','PENDING'),(22,'mafia','Search for MaFIA\'s FINtastic Tutors',22,'Academic','2016-10-27','DONE'),(23,'wg','The Open Mic',18,'Organizational Development','2016-10-28','DONE'),(24,'jpia','JPIA Birthday Alarm',4,'Organizational Development','2017-04-18','PENDING'),(25,'jpia','President\'s Elite Training Program: Hands on Training',28,'Organizational Development','2016-12-10','PENDING'),(26,'jpia','Salo-salo Kasama ang mga Guro',20,'Organizational Development','2016-10-11','DONE'),(27,'bms','IBS Alert',4,'Academic','2016-11-01','PENDING'),(28,'unisto','2nd General Assembly',18,'Organizational Development','2016-12-13','PENDING'),(29,'jpia','JPIA General Assembly',18,'Organizational Development','2017-01-03','PENDING'),(30,'ces','Leaders Today',28,'Organizational Development','2016-11-18','PENDING'),(31,'bms','MGT Alert',4,'Academic','2016-10-01','DONE'),(32,'mafia','Officer Training Series I: Committee Welcoming',24,'Organizational Development','2016-11-27','PENDING'),(33,'imes','Executive Committee Teams Orientation',20,'Organizational Development','2016-10-09','DONE'),(34,'aiesec','January Local Committee Meeting',20,'Organizational Development','2016-10-20','DONE'),(35,'aiesec','SLM: Sales 101',24,'Organizational Development','2016-10-05','DONE'),(36,'mathcircle','House Cup',8,'Organizational Development','2016-11-21','PENDING'),(37,'sms','THESIS-it! (Thesis Orientation) Part 2 Term 2',24,'Academic','2016-10-15','DONE'),(38,'econorg','CENCOM Meeting',20,'Organizational Development','2016-12-24','PENDING'),(39,'yes','Practicum Workshop on Practicum',24,'Academic','2016-11-20','PENDING'),(40,'yes','Practicum Workshop on Marketing',24,'Academic','2016-10-14','DONE'),(41,'yes','Practicum Workshop on Human Resources',24,'Academic','2016-10-12','DONE'),(42,'yes','Practicum Workshop on Accounting',24,'Academic','2016-10-08','DONE'),(43,'yes','Practicum Workshop on Legal Requirements for Start-up Business',24,'Academic','2017-01-03','PENDING'),(44,'yes','Practicum Workshop on Information Technology',24,'Academic','2016-11-18','PENDING'),(45,'jpia','Draw the Line: IFRS vs US GAAP',24,'Academic','2016-10-05','DONE'),(46,'sme','General Assembly',18,'Organizational Development','2016-11-04','PENDING'),(47,'mathcircle','Officer\'s Workshop',20,'Organizational Development','2017-03-07','PENDING'),(48,'mathcircle','Officer\'s meeting',20,'Organizational Development','2016-11-21','PENDING'),(49,'mafia','SPECFIN Seminar Series I',24,'Academic','2016-10-15','DONE'),(50,'aiesec','SLM: Departmental Product Session',24,'Organizational Development','2016-12-24','PENDING'),(51,'chen','Perry\'s Chemical Engineer\'s Handbook Basics',29,'Academic','2016-10-04','DONE'),(52,'bms','Officers\' Weekly Meeting',20,'Organizational Development','2016-11-19','PENDING'),(53,'bms','BMS Alert',4,'Organizational Development','2017-03-03','PENDING'),(54,'sme','SME Basketball League Season 2',8,'Organizational Development','2016-10-24','DONE'),(55,'sms','Officers\' Assembly',18,'Organizational Development','2016-11-04','PENDING'),(56,'nkk','2nd General Assembly',18,'Organizational Development','2016-11-05','PENDING'),(57,'unisto','Dance Tutorial ',29,'Special Interest','2016-03-28','DONE'),(58,'amstud','Avengers (General Assembly)',18,'Organizational Development','2016-10-28','DONE'),(59,'bms','APC Alert',4,'Academic','2016-11-21','PENDING'),(60,'chemsoc','Build A Lab: Team Recruitment',22,'','2016-11-20','PENDING'),(61,'aiesec','National Congress Bring - Back',24,'Organizational Development','2016-10-02','DONE'),(62,'sme','OJT Orientation',24,'Academic','2017-01-03','PENDING'),(63,'englicom','Chinese New Year Mass',25,'Special Interest','2017-02-18','PENDING'),(64,'rotaract','ROTP: Fake Acts',24,'Organizational Development','2016-10-29','DONE'),(65,'bms','BMS\' Involvement and Training Empowerment (BITE) Program',28,'Organizational Development','2016-10-14','DONE'),(66,'mafia','MaFIA Love Seminar',24,'Organizational Development','2016-10-16','DONE'),(67,'mafia','Grab A Copy II: MaFIA Reviewer and Formula Sheets',10,'Academic','2016-11-17','PENDING'),(68,'imes','Photography Session',24,'Organizational Development','2016-10-09','DONE'),(69,'imes','Differential Calculus Formula Cards Distribution',10,'Academic','2016-11-21','PENDING'),(70,'chemsoc','2nd General Assembly: Carbon Dating',18,'Organizational Development','2016-10-08','DONE'),(71,'sdh','Sociedad de Historia General Assembly for 2nd Term',18,'Organizational Development','2016-11-26','PENDING'),(72,'bms','JOTP: Let\'s Give Back!',11,'Community Engagement','2016-11-04','PENDING'),(73,'chen','General Assembly',18,'Organizational Development','2016-10-21','DONE'),(74,'pilosopo','PILOSOPO GA: Into The Woods',18,'Organizational Development','2016-11-26','PENDING'),(75,'sms','SMS 2nd General Assembly',18,'Organizational Development','2016-11-27','PENDING'),(76,'nkk','2nd General Assembly',18,'','2016-10-04','DONE'),(77,'united','That Thing Called UNITED: A Second GA',18,'Organizational Development','2016-10-25','DONE'),(78,'jpia','Accounting Pool Recruitment',22,'Organizational Development','2016-11-21','PENDING'),(79,'jpia','Accounting Pool Trainings',28,'Organizational Development','2016-11-14','PENDING'),(80,'yes','Practicum Workshop on Legal Requirements for Start-up Business',24,'','2016-10-05','DONE'),(81,'yes','Practicum Workshop on Production',24,'','2017-02-04','PENDING'),(82,'yes','Practicum Workshop on Marketing',24,'','2016-11-21','PENDING'),(83,'yes','Practicum Workshop on Human Resource',24,'','2016-11-20','PENDING'),(84,'yes','Practicum Workshop on Information Technology',24,'','2016-10-09','DONE'),(85,'yes','Practicum Workshop on Accounting',24,'','2016-11-04','PENDING'),(86,'jpia','JPIA Sikat Ka!',3,'Organizational Development','2016-10-16','DONE'),(87,'econorg','2nd term general assembly',18,'Organizational Development','2016-11-21','PENDING'),(88,'econorg','CORE Program',28,'Organizational Development','2016-11-19','PENDING'),(89,'jpia','Survival Kits Distribution',11,'Academic','2016-10-01','DONE'),(90,'sme','General Assembly',18,'','2016-10-02','DONE'),(91,'mathcircle','Mathematics Circle 2nd General Assembly',18,'Organizational Development','2017-04-18','PENDING'),(92,'esa','Mr. and Ms. European Studies 2016- ESA\'s Second General Assembly',18,'Organizational Development','2016-10-20','DONE'),(93,'mathcircle','Officer\'s Workshop',24,'','2016-10-15','DONE'),(94,'physoc','Philippine Astronomical Society General Assembly',24,'Academic','2016-10-08','DONE'),(95,'physoc','Junior Officer Requirement',22,'Organizational Development','2016-11-27','PENDING'),(96,'aiesec','Recruitment Week',6,'Special Interest','2016-10-08','DONE'),(97,'aiesec','Orientation Seminar',24,'Special Interest','2017-01-03','PENDING'),(98,'ces','CES Group Reviews',29,'Academic','2016-11-18','PENDING'),(99,'ces','Reviewer Distribution',10,'Academic','2016-10-05','DONE'),(100,'sdh','Sociedad de Historia General Assembly for 2nd Term',18,'','2016-11-04','PENDING'),(101,'mes','M.E. Tables and Charts',10,'Academic','2017-03-07','PENDING'),(102,'ces','CES Academic Consultations',29,'Academic','2016-11-21','PENDING'),(103,'bms','BMS\' Involvement and Training Empowerment (BITE) Program',28,'','2016-10-08','DONE'),(104,'bms','BMS 2nd General Assembly ',18,'Organizational Development','2017-01-03','PENDING'),(105,'united','Braille 101: A Vision for the Blind',24,'Academic','2016-11-18','PENDING'),(106,'jpia','Preboard Mass - 100% drive, Season 47',25,'Lasallian Formation/ Spiritual Growth','2016-10-05','DONE'),(107,'jpia','JPIA Photography Enthusiasts Group Recruitment',22,'Organizational Development','2016-11-04','PENDING'),(108,'jpia','Ask a Peer Program',29,'Academic','2017-03-07','PENDING'),(109,'aiesec','SLM: Sales Simulation',24,'Organizational Development','2016-11-21','PENDING'),(110,'teamcomm','That\'s So Tammy: A Blast from the Past with TeamComm',18,'Organizational Development','2016-11-19','PENDING'),(111,'mafia','MaFIA General Assembly',18,'Organizational Development','2016-10-01','DONE'),(112,'mathcircle','Mathematics Circle 2nd General Assembly',18,'','2016-10-02','DONE'),(113,'sms','SMS 2nd General Assembly',18,'','2017-04-18','PENDING'),(114,'mathcircle','Officer\'s Workshop',24,'','2016-10-20','DONE'),(115,'econorg','YEC Website',30,'Academic','2016-10-15','DONE'),(116,'econorg','Young Economists\' Learning and Lecture Series (YELLS)',24,'Academic','2016-10-08','DONE'),(117,'wg','Character Creation: Villany',24,'Special Interest','2016-11-27','PENDING'),(118,'yes','A Little Each Time, Every Time: A Personal Finance Seminar',24,'Academic','2016-10-21','DONE'),(119,'ces','Reviewer Distribution',10,'','2016-10-19','DONE'),(120,'ces','CeS: Couples vs Singles',18,'Organizational Development','2016-10-20','DONE'),(121,'ces','JO Adviser: Pioneering Activities',28,'Organizational Development','2016-10-05','DONE'),(122,'bms','APC 161: Uncovering the Application Process: Mock Interview II',24,'Academic','2016-11-21','PENDING'),(123,'chemsoc','Build A Lab: Team Recruitment',22,'','2016-10-16','DONE'),(124,'chemsoc','2nd General Assembly: Carbon Dating',18,'','2016-11-19','PENDING'),(125,'leylasalle','Discover and Develop Yourself: A Personal Branding Seminar',24,'Academic','2016-10-01','DONE'),(126,'bms','Academic Core Excellence: Empowerment',24,'Academic','2016-10-02','DONE'),(127,'poliscy','Training and Apprenticeship Program 3: Planning your own Project ',24,'Organizational Development','2016-11-02','PENDING'),(128,'chemsoc','Reactants',4,'Organizational Development','2016-10-24','DONE'),(129,'sms','SMS Movie Night: Anti-Valentine',15,'Organizational Development','2017-02-04','PENDING'),(130,'imes','IEFINMT handout Pre-selling',38,'Academic','2016-11-05','DONE'),(131,'poliscy','i4Juan - PaSkill Series: Situationer Photo Exhibit',4,'Issue Advocacy','2016-10-27','DONE'),(132,'united','That thing called UNITED: A second GA',18,'','2016-10-01','DONE'),(133,'bms','BMS\' Involvement and Training Empowerment (BITE) Program',28,'Organizational Development','2016-11-27','PENDING'),(134,'bms','BMS\' Involvement and Training Empowerment (BITE) Program',28,'','2016-10-09','DONE'),(135,'aiesec','Local Committee President Convocations',18,'Organizational Development','2016-10-20','DONE'),(136,'bms','UN PRME',15,'Academic','2016-10-05','DONE'),(137,'bms','Academic Core Excellence: Reviewer Distribution',4,'Academic','2016-10-14','DONE'),(138,'esa','EOLP PHASE 2',28,'Organizational Development','2017-04-07','PENDING'),(139,'teamcomm','LPEP: Let\'s Plan Events Properly',24,'Academic','2016-11-21','PENDING'),(140,'wg','World Building',24,'Special Interest','2016-11-19','PENDING'),(141,'yes','PROBE Launching',4,'Issue Advocacy','2016-11-04','PENDING'),(142,'sdh','Junior Officer Recruitment PART 2',22,'Organizational Development','2016-11-05','PENDING'),(143,'kkk','DSMbly: 2nd General Assembly',18,'Organizational Development','2017-02-18','PENDING'),(144,'pilosopo','Ethics in Marketing and Advertising: On Censorships and Limitations',24,'Academic','2016-10-29','DONE'),(145,'amstud','AMSTUD ASSEMBLE',18,'Organizational Development','2016-10-14','DONE'),(146,'bss','Thesis Orientation',24,'Academic','2016-10-16','DONE'),(147,'bms','Speak Up: IBS Focus Groups',16,'Academic','2016-10-25','DONE'),(148,'poliscy','Training and Apprenticeship Program 3: Planning your own Project ',28,'','2016-11-20','PENDING'),(149,'lscs','CCSine',15,'Organizational Development','2016-10-11','DONE'),(150,'rotaract','2nd General Assembly',18,'Organizational Development','2016-10-12','DONE'),(151,'danum','Pangkalahatang Asembliya ng DANUM',18,'Organizational Development','2016-10-13','DONE'),(152,'mes','JO Training',28,'Organizational Development','2016-10-14','DONE'),(153,'ces','Reviewer Distribution',10,'','2016-10-15','DONE'),(154,'ces','CES Website (dlsu-ces.com)',4,'Organizational Development','2016-10-16','DONE'),(155,'teamcomm','Thesis It! (CAM)',24,'Academic','2016-10-17','DONE'),(156,'teamcomm','Thesis It! (OCM)',24,'Academic','2016-10-18','DONE'),(157,'imes','Executive Training Program',24,'Organizational Development','2016-10-19','DONE'),(158,'mathcircle','Mathinee Idol',4,'Organizational Development','2016-10-20','DONE'),(159,'amstud','Junior Officers\' Training Part 1',24,'Organizational Development','2016-10-21','DONE'),(160,'leylasalle','Apprenticeship Program',24,'Organizational Development','2016-10-22','DONE'),(161,'bss','Thesis Orientation',24,'','2016-10-23','DONE'),(162,'mathcircle','Officer\'s Workshop',24,'','2016-10-24','DONE'),(163,'mafia','Specfin Seminar Series III',24,'Academic','2016-10-25','DONE'),(165,'danum','Pangkalahatang Asembliya ng DANUM',18,'','2016-10-27','DONE'),(166,'imes','Online Forum',13,'Academic','2016-10-28','DONE'),(167,'mathcircle','Idol ko Si Ma\'am/Sir!',4,'Organizational Development','2016-10-29','DONE'),(168,'nkk','NKK Shirt Design Contest',8,'Organizational Development','2016-10-30','DONE'),(169,'wg','Scribbles Online Blog',23,'Special Interest','2016-10-31','DONE'),(170,'rotaract','2nd General Assembly',18,'','2016-11-01','PENDING'),(171,'amstud','Junior Officers\' Training Part II',24,'Organizational Development','2016-11-02','PENDING'),(172,'econorg','Tutorial and Aptitude Program (TAP Tutorials)',29,'Academic','2016-11-03','PENDING'),(173,'econorg','EcoVid Tutorial Series',29,'Academic','2016-11-04','PENDING'),(174,'jpia','Crash Courses - 100% Drive, Season 27',29,'Academic','2016-11-05','PENDING'),(175,'danum','Pangkalahatang Asembliya ng DANUM',28,'','2017-04-18','PENDING'),(176,'unisto','Cupidity',27,'Organizational Development','2016-10-20','DONE'),(177,'kkk','DSMbly: 2nd General Assembly',18,'Organizational Development','2016-10-15','DONE'),(178,'aiesec','Global Village',6,'Issue Advocacy','2016-11-09','PENDING'),(179,'rotaract','RAC Newletter',4,'Organizational Development','2016-11-10','PENDING'),(180,'rotaract','Road Safety Awareness',4,'Issue Advocacy','2017-01-08','PENDING'),(181,'mes','JO Training',28,'','2017-01-18','PENDING'),(182,'sdh','Junior Officer Requirement PART 2',22,'','2016-10-01','DONE'),(183,'lscs','LSCS CCSine',15,'','2016-10-21','DONE'),(184,'mafia','Officer Training Series II: Treasure Hunt',28,'Organizational Development','2016-10-05','DONE'),(185,'mafia','SPECFIN SEMINAR SERIES II',24,'Academic','2016-10-20','DONE'),(186,'wg','Scribes Orientation',24,'Organizational Development','2016-10-24','DONE'),(187,'imes','IEFINMT Handout Distribution',10,'Academic','2016-11-18','PENDING'),(188,'bms','MGT Business Talk Series: Fashion',24,'Academic','2016-11-20','PENDING'),(189,'mes','MES Sponsored Mass',25,'Lasallian Formation/ Spiritual Growth','2016-10-09','DONE'),(190,'adcreate','AdCreate Fridays',33,'Organizational Development','2016-11-04','PENDING'),(191,'chen','Publicity 101: Photography & Marketing',24,'Organizational Development','2016-10-16','DONE'),(192,'imes','Photography Session',24,'','2016-11-23','DONE'),(193,'aiesec','Associate Program',20,'Special Interest','2016-11-24','PENDING'),(194,'ces','Beyond Buildings I',24,'Lasallian Formation/ Spiritual Growth','2016-11-25','PENDING'),(195,'jpia','JPIA Double Rule Magazine Annual Recruitment Week',22,'Organizational Development','2016-11-26','PENDING'),(196,'mafia','Specfin Seminar Series III',24,'','2016-11-27','PENDING'),(197,'adcreate','Officers\' Meetings',20,'Organizational Development','2016-11-30','PENDING'),(198,'moomedia','Illustrator Series 1: Basic',24,'Special Interest','2016-11-29','PENDING'),(199,'physoc','Physics Tutorials',29,'Academic','2016-11-30','PENDING'),(200,'lscs','Second General Assembly',18,'Organizational Development','2017-01-06','PENDING'),(201,'chemsoc','Elemental: Resume Making and Interview tips',24,'Organizational Development','2016-12-02','PENDING'),(202,'ces','CES Archievers',3,'Academic','2016-10-25','DONE'),(203,'mathcircle','The Ultimate Sudoku Challenge - Online!',7,'Academic','2016-10-30','DONE'),(204,'imes','IMES Technical Guides',31,'Academic','2016-11-16','PENDING'),(205,'imes','IMES Valentines Special: MovIE Showing',15,'Special Interest','2016-11-17','PENDING'),(206,'bms','The MGT Testaments',24,'Academic','2016-10-09','DONE'),(207,'chen','Chencapsulation',24,'Organizational Development','2016-11-04','PENDING'),(208,'mafia','Officer Training Series III: LEAD, Leadership Seminar',24,'Organizational Development','2016-10-16','DONE'),(209,'jpia','Business Case Presentation Workshop',24,'Academic','2016-11-21','PENDING'),(210,'adcreate','2nd General Assembly',18,'Organizational Development','2016-11-19','PENDING'),(211,'outdoor','MOCK-DO AND FRIENDS',24,'Organizational Development','2016-10-01','DONE'),(212,'mathcircle','triviamathics',4,'Academic','2016-10-02','DONE'),(213,'sms','SMS Movie Night: Anti-Valentine',15,'','2016-12-14','PENDING'),(214,'imes','QUAMET1 Table Pre-Selling',38,'Academic','2017-01-08','PENDING'),(215,'imes','Cashflow 101',8,'Academic','2017-01-18','PENDING'),(216,'sme','SME Leadership Training',24,'Organizational Development','2016-10-01','DONE'),(217,'poliscy','SILAB:For the Youth: Focused Group Discussion on the Youth\'s Leadership Development',24,'Community Engagement','2016-10-21','DONE'),(218,'mathcircle','Online Reviewer Distribution',10,'Academic','2016-10-30','DONE'),(219,'mathcircle','Math Tutor Circle',29,'Academic','2016-10-20','DONE'),(220,'ces','CE Disaster Risk and Mitigation Seminar',24,'Academic','2016-10-24','DONE'),(221,'lscs','Introduction to ACM',24,'Academic','2016-12-22','PENDING'),(222,'jpia','REVSYNT Seminar',24,'Academic','2016-12-23','PENDING'),(223,'poliscy','POLISCY ExeTeam Meetings',20,'Organizational Development','2016-12-24','PENDING'),(224,'poliscy','POLISCY Executive Board Meeting',20,'Organizational Development','2016-12-25','PENDING'),(225,'poliscy','Focus Group Discussions with POLISCY',16,'Issue Advocacy','2016-12-26','PENDING'),(226,'poliscy','POLISCY Officer and Activity Assessment',13,'Organizational Development','2016-12-27','PENDING'),(227,'poliscy','Focus Group Discussion with POLISCY',16,'Issue Advocacy','2016-12-28','PENDING'),(228,'poliscy','POLISCY Executive Board Meeting',20,'Organizational Development','2016-12-29','PENDING'),(229,'poliscy','POLISCY ExeTeam Meetings',20,'Organizational Development','2016-12-30','PENDING'),(230,'mes','ValintiMES',4,'Special Interest','2016-12-31','PENDING'),(231,'sme','Tutorials',29,'Academic','2017-01-01','PENDING'),(232,'sme','Regular Officer\'s Meeting',20,'Organizational Development','2017-01-02','PENDING'),(233,'sme','SME Text Blast System',4,'Organizational Development','2017-01-03','PENDING'),(234,'sme','Reviewer Distribution',10,'Academic','2017-01-04','PENDING'),(235,'sme','Project Consultation',29,'Academic','2017-01-05','PENDING'),(236,'sme','SME Bulletin Board',4,'Organizational Development','2017-01-06','PENDING'),(237,'sme','SME Facebook Page',4,'Organizational Development','2016-10-09','DONE'),(238,'sme','AweSME MEMbers',4,'Organizational Development','2016-11-04','PENDING'),(239,'wg','Kapihan',24,'Special Interest','2016-10-16','DONE'),(240,'bms','Academic Core Excellence: Partnership and Tutorials',29,'Academic','2016-11-21','PENDING'),(241,'imes','Reviewer Distribution: IEFINMT, IEMANAC, IMEPRO2, INOPER2, QUAMET1',10,'Academic','2016-11-19','PENDING'),(244,'econorg','EcoVid Tutorial Series',29,'','2017-01-14','PENDING'),(245,'econorg','Tutorial and Aptitude Program (TAP Tutorials)',29,'','2016-12-16','PENDING'),(246,'englicom','3v3 basketball',8,'Organizational Development','2017-01-16','PENDING'),(247,'sme','OJT Interview Seminar',24,'Academic','2017-01-17','PENDING'),(248,'mafia','Hosting Workshop',24,'Special Interest','2017-01-18','PENDING'),(249,'bss','BSS Movie Wednesdays',15,'Academic','2017-01-19','PENDING'),(250,'adcreate','AdCreate Fridays',33,'','2017-01-20','PENDING'),(251,'adcreate','AdCreate Mobile',4,'Organizational Development','2017-01-30','PENDING'),(252,'chemsoc','CheMS (ChemSoc Messaging System)',4,'Organizational Development','2016-10-01','DONE'),(253,'moomedia','MOO TEXT BLAST',4,'Organizational Development','2016-10-21','DONE'),(254,'bms','AgriCOOLture: More Fun in Agriculture Series',24,'Academic','2016-10-05','DONE'),(255,'mathcircle','Online Reviewer Distribution',10,'','2016-11-20','PENDING'),(256,'mathcircle','Time Management and Teamwork Seminar',24,'Academic','2016-11-27','PENDING'),(257,'sme','SME Facebook Page',30,'','2016-10-24','DONE'),(258,'wg','Kapihan',24,'','2016-11-04','PENDING'),(259,'wg','Scribes Orientation ',24,'','2017-01-03','PENDING'),(260,'chemsoc','Molecular Print',4,'Organizational Development','2016-11-21','PENDING'),(261,'chemsoc','Molecular Print',4,'Organizational Development','2016-11-14','PENDING'),(262,'sme','SME Leadership Training',28,'','2016-10-05','DONE'),(263,'bms','Basta Member, May Special Letter',4,'Organizational Development','2017-02-04','PENDING'),(264,'bms','Red Ink Online!',4,'Organizational Development','2016-11-04','PENDING'),(265,'kkk','DEViant: Knowing DevStud',24,'Academic','2016-11-19','PENDING'),(266,'imes','IE Subject Tutorial',29,'Academic','2016-10-01','DONE'),(267,'lscs','Advanced Photoshop Workshop',24,'Academic','2016-10-02','DONE'),(268,'amstud','Once Upon A Time: An AMSTUD Team Building',22,'Organizational Development','2016-10-22','DONE'),(270,'chen','ChEngapore Pre-Trip Orientation',24,'Academic','2016-11-21','PENDING'),(271,'sdh','Finance Process Workshop',24,'Organizational Development','2016-11-19','PENDING'),(272,'mes','JO Training',28,'','2016-10-01','DONE'),(273,'poliscy','Focused Group Discussions with POLISCY',16,'Organizational Development','2016-10-02','DONE'),(275,'chemsoc','The Essence of You - Perfume Making',24,'Academic','2016-10-24','DONE'),(277,'wg','Tinig (Poetry Workshop)',24,'Special Interest','2016-11-05','PENDING'),(278,'chen','Video Tutorials',29,'Academic','2017-03-02','PENDING'),(279,'chen','Lucky 80',4,'Academic','2017-01-06','PENDING'),(280,'chen','112, 113,114 and 115 Online Problem Set Distribution',10,'Academic','2016-12-16','PENDING'),(281,'chen','Request a book',5,'Academic','2016-10-24','DONE'),(282,'imes','QUAMET1 Table Distribution',10,'Academic','2016-10-20','DONE'),(283,'united','1,2,3...Action! An Action Research Seminar',24,'Academic','2017-02-22','PENDING'),(284,'aiesec','Global Citizen Recruitment Week',22,'','2017-02-23','PENDING'),(285,'aiesec','Global Citizen Recruitment Week ',22,'Special Interest','2017-02-14','PENDING'),(286,'chemsoc','Infographics on ChemSoc\'s Seminars & Activities',4,'Organizational Development','2017-02-05','PENDING'),(287,'mafia','MaFIA AID',29,'Academic','2016-11-04','PENDING'),(288,'adcreate','2nd Term General Assembly',18,'','2016-10-16','DONE'),(289,'moomedia','The MooGram',4,'Special Interest','2016-11-28','PENDING'),(290,'eces','ECES Bulletin Board Development',4,'Organizational Development','2016-10-25','DONE'),(291,'chen','DL Encouragement Program',4,'Academic','2016-10-16','DONE'),(292,'teamcomm','Campaign 101',24,'Academic','2016-10-30','DONE'),(293,'lscs','Midterm Group Study',29,'Academic','2017-01-08','PENDING'),(295,'sme','Project Consultation',29,'','2016-12-29','PENDING'),(296,'eces','nECESsities: Pahiram Notes',10,'Academic','2017-01-02','PENDING'),(297,'eces','nECESsities: Mathalino card distribution',10,'Academic','2017-01-03','PENDING'),(298,'eces','nECESsities: Ebooks',10,'Academic','2016-10-24','DONE'),(299,'eces','Winners Circle Enhanced Traning Series',28,'Academic','2016-11-04','PENDING'),(300,'bss','Meetings',20,'Organizational Development','2017-01-03','PENDING'),(301,'nicolle','Meeting',20,'Organizational Development','2016-11-19','PENDING'),(302,'mavic','Beauty 101',4,'Special Interest','2016-11-25','PENDING'),(303,'nicolle','SOFENGG Demo',4,'Special Interest','2016-11-20','PENDING'),(304,'nicolle','ENG : Notes',10,'Academic','2016-11-17','PENDING'),(305,'kim','Christmas Party',18,'Organizational Development','2017-01-13','PENDING'),(306,'kim','QA Training',28,' ','2016-12-20','PENDING'),(307,'kim','KIMmy Dora Film Showing',15,'Special Interest','2016-11-19','PENDING'),(308,'mavic','Film Showing: The Last 30 Mins.',15,'Special Interest','2016-11-18','PENDING'),(309,'kenji','Ken You Feel The Love?',4,'Organizational Development','2016-12-12','PENDING'),(310,'jeff','GIF by Jeff',24,'Special Interest','2016-11-19','PENDING'),(311,'jm','Project Management Seminar',24,' ','2017-01-11','PENDING'),(312,'gaius','How to Ligaw 101',24,'Special Interest','2016-10-30','PENDING'),(313,'micoh','MicohLay Ang Buhay sa Sinabawang Gulay',4,'Academic','2017-02-18','PENDING'),(314,'kim','Kuya Kim Live',33,'Special Interest','2016-12-23','PENDING'),(315,'jeff','Bus, Taxi, at Jeff : Transportation Survey',13,' ','2016-10-19','PENDING'),(316,'dom','JavaScript HTML DOM',24,'Special Interest','2016-11-11','PENDING'),(317,'dom','Free DOMino\'s Pizza Booth',6,' ','2016-11-28','PENDING'),(318,'micoh','Gift Giving',40,'Organizational Development','2016-11-27','PENDING');
/*!40000 ALTER TABLE `event` ENABLE KEYS */;
UNLOCK TABLES;

--
-- Table structure for table `event_date`
--

DROP TABLE IF EXISTS `event_date`;
/*!40101 SET @saved_cs_client     = @@character_set_client */;
/*!40101 SET character_set_client = utf8 */;
CREATE TABLE `event_date` (
  `eventdateID` int(11) NOT NULL AUTO_INCREMENT,
  `eventID` int(11) NOT NULL,
  `date` date NOT NULL,
  PRIMARY KEY (`eventdateID`),
  KEY `eventID_idx` (`eventID`),
  CONSTRAINT `eventID` FOREIGN KEY (`eventID`) REFERENCES `event` (`eventID`) ON DELETE NO ACTION ON UPDATE NO ACTION
) ENGINE=InnoDB AUTO_INCREMENT=314 DEFAULT CHARSET=utf8;
/*!40101 SET character_set_client = @saved_cs_client */;

--
-- Dumping data for table `event_date`
--

LOCK TABLES `event_date` WRITE;
/*!40000 ALTER TABLE `event_date` DISABLE KEYS */;
INSERT INTO `event_date` VALUES (1,1,'2016-09-16'),(2,2,'2016-09-01'),(3,3,'2016-09-21'),(4,4,'2016-09-19'),(5,5,'2016-09-19'),(6,5,'2016-09-20'),(7,6,'2016-09-05'),(8,7,'2016-10-22'),(9,8,'2016-09-16'),(10,9,'2016-10-24'),(11,10,'2016-10-21'),(12,11,'2016-10-28'),(13,12,'2016-10-27'),(14,13,'2016-10-28'),(15,14,'2016-09-04'),(16,15,'2016-10-20'),(17,16,'2016-09-01'),(18,17,'2016-09-02'),(19,18,'2016-10-03'),(20,19,'2016-09-24'),(21,20,'2016-10-05'),(22,21,'2016-10-06'),(23,22,'2016-09-27'),(24,23,'2016-09-28'),(25,24,'2017-03-19'),(26,25,'2016-11-10'),(27,26,'2016-09-11'),(28,27,'2016-10-02'),(29,28,'2016-11-13'),(30,29,'2016-12-04'),(31,30,'2016-10-19'),(32,31,'2016-09-01'),(33,32,'2016-10-28'),(34,33,'2016-09-09'),(35,34,'2016-09-20'),(36,35,'2016-09-05'),(37,36,'2016-10-22'),(38,37,'2016-09-15'),(39,38,'2016-11-24'),(40,39,'2016-10-21'),(41,40,'2016-09-14'),(42,41,'2016-09-12'),(43,42,'2016-09-08'),(44,43,'2016-12-04'),(45,44,'2016-10-19'),(46,45,'2016-09-05'),(47,46,'2016-10-05'),(48,47,'2017-02-05'),(49,48,'2016-10-22'),(50,49,'2016-09-15'),(51,50,'2016-11-24'),(52,51,'2016-09-04'),(53,52,'2016-10-20'),(54,53,'2017-02-01'),(55,54,'2016-09-24'),(56,55,'2016-10-05'),(57,56,'2016-10-06'),(58,57,'2016-02-27'),(59,58,'2016-09-28'),(60,59,'2016-10-20'),(61,59,'2016-10-21'),(62,59,'2016-10-22'),(63,60,'2016-10-21'),(64,61,'2016-09-02'),(65,62,'2016-12-04'),(66,63,'2017-01-19'),(67,64,'2016-09-29'),(68,65,'2016-09-14'),(69,66,'2016-09-16'),(70,67,'2016-10-18'),(71,68,'2016-09-09'),(72,69,'2016-10-22'),(73,70,'2016-09-08'),(74,71,'2016-10-27'),(75,72,'2016-10-05'),(76,73,'2016-09-21'),(77,74,'2016-10-27'),(78,75,'2016-10-28'),(79,76,'2016-09-03'),(80,76,'2016-09-04'),(81,77,'2016-09-25'),(82,78,'2016-10-22'),(83,79,'2016-10-15'),(84,80,'2016-09-05'),(85,81,'2017-01-05'),(86,82,'2016-10-22'),(87,83,'2016-10-21'),(88,84,'2016-09-09'),(89,85,'2016-10-05'),(90,86,'2016-09-16'),(91,87,'2016-10-22'),(92,88,'2016-10-20'),(93,89,'2016-09-01'),(94,90,'2016-09-02'),(95,91,'2017-03-19'),(96,92,'2016-09-20'),(97,93,'2016-09-15'),(98,94,'2016-09-08'),(99,95,'2016-10-28'),(100,96,'2016-09-08'),(101,97,'2016-12-04'),(102,98,'2016-10-19'),(103,99,'2016-09-05'),(104,100,'2016-10-04'),(105,100,'2016-10-05'),(106,101,'2017-02-05'),(107,102,'2016-10-22'),(108,103,'2016-09-08'),(109,104,'2016-12-04'),(110,105,'2016-10-19'),(111,106,'2016-09-05'),(112,107,'2016-10-05'),(113,108,'2017-02-05'),(114,109,'2016-10-22'),(115,110,'2016-10-20'),(116,111,'2016-09-01'),(117,112,'2016-09-02'),(118,113,'2017-03-19'),(119,114,'2016-09-20'),(120,115,'2016-09-15'),(121,116,'2016-09-08'),(122,117,'2016-10-28'),(123,118,'2016-09-21'),(124,119,'2016-09-19'),(125,120,'2016-09-20'),(126,121,'2016-09-05'),(127,122,'2016-10-22'),(128,123,'2016-09-16'),(129,124,'2016-10-20'),(130,125,'2016-09-01'),(131,126,'2016-09-02'),(132,127,'2016-10-03'),(133,128,'2016-09-24'),(134,129,'2017-01-05'),(135,130,'2016-10-06'),(136,131,'2016-09-27'),(137,132,'2016-09-01'),(138,133,'2016-10-28'),(139,134,'2016-09-09'),(140,135,'2016-09-20'),(141,136,'2016-09-05'),(142,137,'2016-09-14'),(143,138,'2017-03-08'),(144,139,'2016-10-22'),(145,140,'2016-10-20'),(146,141,'2016-10-05'),(147,142,'2016-10-06'),(148,143,'2017-01-19'),(149,144,'2016-09-29'),(150,145,'2016-09-14'),(151,146,'2016-09-16'),(152,147,'2016-09-25'),(153,148,'2016-10-21'),(154,149,'2016-09-11'),(155,150,'2016-09-12'),(156,151,'2016-09-13'),(157,152,'2016-09-14'),(158,153,'2016-09-15'),(159,154,'2016-09-16'),(160,155,'2016-09-17'),(161,156,'2016-09-18'),(162,157,'2016-09-19'),(163,158,'2016-09-20'),(164,159,'2016-09-21'),(165,160,'2016-09-22'),(166,161,'2016-09-23'),(167,162,'2016-09-24'),(168,163,'2016-09-25'),(170,165,'2016-09-27'),(171,166,'2016-09-28'),(172,167,'2016-09-29'),(173,168,'2016-09-30'),(174,169,'2016-10-01'),(175,170,'2016-10-02'),(176,171,'2016-10-03'),(177,172,'2016-10-04'),(178,173,'2016-10-05'),(179,174,'2016-10-06'),(180,175,'2017-03-19'),(181,176,'2016-09-20'),(182,177,'2016-09-15'),(183,178,'2016-10-10'),(184,179,'2016-10-11'),(185,180,'2016-12-09'),(186,181,'2016-12-19'),(187,182,'2016-09-01'),(188,183,'2016-09-21'),(189,184,'2016-09-05'),(190,185,'2016-09-20'),(191,186,'2016-09-24'),(192,187,'2016-10-19'),(193,188,'2016-10-21'),(194,189,'2016-09-09'),(195,190,'2016-10-05'),(196,191,'2016-09-16'),(197,192,'2016-10-24'),(198,193,'2016-10-25'),(199,194,'2016-10-26'),(200,195,'2016-10-27'),(201,196,'2016-10-28'),(202,197,'2016-10-31'),(203,198,'2016-10-30'),(204,199,'2016-10-31'),(205,200,'2016-12-07'),(206,201,'2016-11-02'),(207,202,'2016-09-25'),(208,203,'2016-09-30'),(209,204,'2016-10-17'),(210,205,'2016-10-18'),(211,206,'2016-09-09'),(212,207,'2016-10-05'),(213,208,'2016-09-16'),(214,209,'2016-10-22'),(215,210,'2016-10-20'),(216,211,'2016-09-01'),(217,212,'2016-09-02'),(218,213,'2016-11-14'),(219,214,'2016-12-09'),(220,215,'2016-12-19'),(221,216,'2016-09-01'),(222,217,'2016-09-21'),(223,218,'2016-09-30'),(224,219,'2016-09-20'),(225,220,'2016-09-24'),(226,221,'2016-11-22'),(227,222,'2016-11-23'),(228,223,'2016-11-24'),(229,224,'2016-11-25'),(230,225,'2016-11-26'),(231,226,'2016-11-27'),(232,227,'2016-11-28'),(233,228,'2016-11-29'),(234,229,'2016-11-30'),(235,230,'2016-12-01'),(236,231,'2016-12-02'),(237,232,'2016-12-03'),(238,233,'2016-12-04'),(239,234,'2016-12-05'),(240,235,'2016-12-06'),(241,236,'2016-12-07'),(242,237,'2016-09-09'),(243,238,'2016-10-05'),(244,239,'2016-09-16'),(245,240,'2016-10-22'),(246,241,'2016-10-20'),(249,244,'2016-12-15'),(250,245,'2016-11-16'),(251,246,'2016-12-17'),(252,247,'2016-12-18'),(253,248,'2016-12-19'),(254,249,'2016-12-20'),(255,250,'2016-12-21'),(256,251,'2016-12-31'),(257,252,'2016-09-01'),(258,253,'2016-09-21'),(259,254,'2016-09-05'),(260,255,'2016-10-21'),(261,256,'2016-10-28'),(262,257,'2016-09-24'),(263,258,'2016-10-05'),(264,259,'2016-12-04'),(265,260,'2016-10-22'),(266,261,'2016-10-15'),(267,262,'2016-09-05'),(268,263,'2017-01-05'),(269,264,'2016-10-05'),(270,265,'2016-10-20'),(271,266,'2016-09-01'),(272,267,'2016-09-02'),(273,268,'2016-09-22'),(275,270,'2016-10-22'),(276,271,'2016-10-20'),(277,272,'2016-09-01'),(278,273,'2016-09-02'),(280,275,'2016-09-24'),(282,277,'2016-10-06'),(283,278,'2017-01-31'),(284,279,'2016-12-07'),(285,280,'2016-11-16'),(286,281,'2016-09-24'),(287,282,'2016-09-20'),(288,283,'2017-01-23'),(289,284,'2017-01-24'),(290,285,'2017-01-15'),(291,286,'2017-01-06'),(292,287,'2016-10-05'),(293,288,'2016-09-16'),(294,289,'2016-10-29'),(295,290,'2016-09-25'),(296,291,'2016-09-16'),(297,292,'2016-09-30'),(298,293,'2016-12-09'),(300,295,'2016-11-29'),(301,296,'2016-12-03'),(302,297,'2016-12-04'),(303,298,'2016-09-24'),(304,299,'2016-10-05'),(305,300,'2016-12-04'),(306,301,'2016-10-19'),(307,302,'2016-10-25'),(308,303,'2016-10-20'),(309,304,'2016-10-17'),(310,304,'2016-10-16'),(311,305,'2017-01-13'),(312,306,'2016-11-20'),(313,307,'2016-11-19');
/*!40000 ALTER TABLE `event_date` ENABLE KEYS */;
UNLOCK TABLES;

--
-- Table structure for table `event_type`
--

DROP TABLE IF EXISTS `event_type`;
/*!40101 SET @saved_cs_client     = @@character_set_client */;
/*!40101 SET character_set_client = utf8 */;
CREATE TABLE `event_type` (
  `eventtypeID` int(11) NOT NULL AUTO_INCREMENT,
  `eventtype` varchar(150) DEFAULT NULL,
  PRIMARY KEY (`eventtypeID`)
) ENGINE=InnoDB AUTO_INCREMENT=56 DEFAULT CHARSET=utf8;
/*!40101 SET character_set_client = @saved_cs_client */;

--
-- Dumping data for table `event_type`
--

LOCK TABLES `event_type` WRITE;
/*!40000 ALTER TABLE `event_type` DISABLE KEYS */;
INSERT INTO `event_type` VALUES (1,'Assistance (On-Campus)'),(2,'Audition'),(3,'Awarding / Recognition'),(4,'Awareness Campaign / Publicity / Announcements / Brochure Distribution'),(5,'Book / Materials Lending'),(6,'Booth'),(7,'Contest / Competition / Amazing Race  Academic (Host Organization)'),(8,'Contest / Competition / Amazing Race Non-Academic / Sports / Tournaments (Host Organization)'),(9,'Distribution of Membership / Track / Frequency Cards'),(10,'Distribution of Reviewers / Academic Aid'),(11,'Donation (In Kind)'),(12,'Election of Officers'),(13,'Evaluation / Survey'),(14,'Exhibit'),(15,'Film Showing'),(16,'Focus Group Discussion'),(17,'Freedom Wall'),(18,'General Assembly'),(19,'Interview / Screening'),(20,'Meeting'),(21,'Miting de Avance'),(22,'Recruitment / Application of Officers'),(23,'Release of Publication / Online Publication'),(24,'Seminar / Talk / Forum / Workshop / Orientation / Convocation / Training Workshop'),(25,'Spiritually Renewing Activity (Mass / Retreat / Recollection)'),(26,'Study Group'),(27,'Teambuilding (On-Campus)'),(28,'Training Program / Succession Program / Simulation'),(29,'Tutorial / Consultation / Mentoring'),(30,'Website (Launch / Maintenance)'),(31,'General Online Activity (Nature Dependent)'),(32,'Series Activity (Nature Dependent)'),(33,'Acquaintance Party (On-Campus)'),(34,'Concerts'),(35,'Food Fest'),(36,'Fund-Raising Activity '),(37,'Medical / Dental Mission'),(38,'Novelty Item Selling'),(39,'OCCS-Sponsored Seminar'),(40,'Outreach'),(41,'Participation in Contest / Seminars/ Variety Shows'),(42,'Party'),(43,'Press Conference'),(44,'Radio / Press / TV Coverage of an Event'),(45,'Raffles'),(46,'Recollection / Retreat (Off-Campus)'),(47,'Scholarship Grant'),(48,'Solicitations'),(49,'Sports Fest / Tournaments (Off-Campus)'),(50,'Teambuilding (Off-Campus)'),(51,'Ticket Selling'),(52,'TV Interview'),(53,'TV / Radio Guesting'),(54,'Generic Off-Campus Activity '),(55,'Generic Tie-Up Activity ');
/*!40000 ALTER TABLE `event_type` ENABLE KEYS */;
UNLOCK TABLES;

--
-- Table structure for table `event_type_requirements`
--

DROP TABLE IF EXISTS `event_type_requirements`;
/*!40101 SET @saved_cs_client     = @@character_set_client */;
/*!40101 SET character_set_client = utf8 */;
CREATE TABLE `event_type_requirements` (
  `requirementID` int(11) NOT NULL,
  `eventtypeID` int(11) NOT NULL,
  PRIMARY KEY (`eventtypeID`,`requirementID`),
  KEY `requirementID_idx` (`requirementID`),
  CONSTRAINT `event_typeID` FOREIGN KEY (`eventtypeID`) REFERENCES `event_type` (`eventtypeID`) ON DELETE NO ACTION ON UPDATE NO ACTION,
  CONSTRAINT `requirementID` FOREIGN KEY (`requirementID`) REFERENCES `requirement` (`requirementID`) ON DELETE NO ACTION ON UPDATE NO ACTION
) ENGINE=InnoDB DEFAULT CHARSET=utf8;
/*!40101 SET character_set_client = @saved_cs_client */;

--
-- Dumping data for table `event_type_requirements`
--

LOCK TABLES `event_type_requirements` WRITE;
/*!40000 ALTER TABLE `event_type_requirements` DISABLE KEYS */;
INSERT INTO `event_type_requirements` VALUES (1,1),(1,2),(1,3),(1,4),(1,5),(1,6),(1,7),(1,8),(1,9),(1,10),(1,11),(1,12),(1,13),(1,14),(1,15),(1,16),(1,17),(1,18),(1,19),(1,20),(1,21),(1,22),(1,23),(1,24),(1,25),(1,26),(1,27),(1,28),(1,29),(1,30),(1,31),(1,32),(1,33),(1,34),(1,35),(1,36),(1,37),(1,38),(1,39),(1,40),(1,41),(1,42),(1,43),(1,44),(1,45),(1,46),(1,47),(1,48),(1,49),(1,50),(1,51),(1,52),(1,53),(1,54),(1,55),(2,1),(2,2),(2,5),(2,9),(2,11),(2,12),(2,15),(2,16),(2,18),(2,19),(2,21),(2,23),(2,24),(2,26),(2,27),(2,28),(2,32),(2,33),(2,36),(2,37),(2,38),(2,39),(2,40),(2,41),(2,42),(2,43),(2,45),(2,46),(2,49),(2,50),(2,51),(2,53),(2,54),(2,55),(3,1),(3,2),(3,3),(3,4),(3,5),(3,6),(3,7),(3,8),(3,9),(3,10),(3,11),(3,12),(3,13),(3,14),(3,15),(3,16),(3,17),(3,18),(3,19),(3,21),(3,22),(3,24),(3,25),(3,26),(3,27),(3,28),(3,29),(3,30),(3,31),(3,32),(3,33),(3,34),(3,35),(3,37),(3,39),(3,40),(3,41),(3,43),(3,44),(3,46),(3,47),(3,49),(3,50),(3,52),(3,53),(3,54),(3,55),(4,1),(4,2),(4,6),(4,7),(4,8),(4,11),(4,12),(4,14),(4,17),(4,18),(4,21),(4,24),(4,27),(4,28),(4,29),(4,32),(4,33),(4,34),(4,35),(4,37),(4,39),(4,40),(4,41),(4,42),(4,43),(4,46),(4,47),(4,49),(4,50),(4,52),(4,53),(4,54),(5,1),(5,2),(5,3),(5,4),(5,5),(5,6),(5,7),(5,8),(5,9),(5,10),(5,11),(5,12),(5,13),(5,14),(5,15),(5,16),(5,17),(5,18),(5,19),(5,21),(5,22),(5,23),(5,24),(5,25),(5,26),(5,27),(5,28),(5,29),(5,30),(5,31),(5,32),(5,33),(5,34),(5,35),(5,36),(5,37),(5,38),(5,39),(5,40),(5,41),(5,42),(5,43),(5,44),(5,45),(5,46),(5,47),(5,48),(5,49),(5,50),(5,51),(5,52),(5,53),(5,54),(5,55),(6,34),(6,37),(6,39),(6,40),(6,42),(6,43),(6,44),(6,48),(6,49),(6,50),(6,52),(6,53),(6,55),(8,36),(8,38),(8,42),(8,45),(8,48),(8,51),(9,36),(9,38),(9,42),(9,45),(9,48),(9,51),(10,37),(11,37),(12,7),(12,13),(12,18),(12,24),(12,37),(12,40),(12,42),(12,50),(12,54),(13,7),(13,8),(13,12),(13,49),(14,48),(15,2),(16,4),(17,11),(18,20),(19,23),(20,3),(20,7),(20,8),(20,10),(20,22),(20,29),(21,3),(21,31),(22,3),(23,6);
/*!40000 ALTER TABLE `event_type_requirements` ENABLE KEYS */;
UNLOCK TABLES;

--
-- Table structure for table `org`
--

DROP TABLE IF EXISTS `org`;
/*!40101 SET @saved_cs_client     = @@character_set_client */;
/*!40101 SET character_set_client = utf8 */;
CREATE TABLE `org` (
  `orgcode` varchar(45) NOT NULL,
  `orgname` varchar(300) DEFAULT NULL,
  `userID` int(11) NOT NULL,
  `logoURL` varchar(100) DEFAULT NULL,
  `color` varchar(45) DEFAULT NULL,
  PRIMARY KEY (`orgcode`),
  KEY `userID_idx` (`userID`),
  CONSTRAINT `userID` FOREIGN KEY (`userID`) REFERENCES `user` (`userID`) ON DELETE NO ACTION ON UPDATE NO ACTION
) ENGINE=InnoDB DEFAULT CHARSET=utf8;
/*!40101 SET character_set_client = @saved_cs_client */;

--
-- Dumping data for table `org`
--

LOCK TABLES `org` WRITE;
/*!40000 ALTER TABLE `org` DISABLE KEYS */;
INSERT INTO `org` VALUES ('access','Association of Computer Engineering Students',1,NULL,NULL),('adcreate','AD Create Society',2,NULL,NULL),('aisec','AIESEC - DLSU',3,NULL,NULL),('amstud','The Organization for American Studies Students',4,NULL,NULL),('bms','Business Management Society',5,NULL,NULL),('bss','Behavioral Science Society',6,NULL,NULL),('ces','Civil Engineering Society',7,NULL,NULL),('chemsoc','Chemistry Society',8,NULL,NULL),('chen','Chemical Engineering Society',9,NULL,NULL),('danum','Dalubhasaan ng mga Umuusbong na Mag-aaral ng Araling Filipino',11,NULL,NULL),('dlsucultura','Cultura',10,NULL,NULL),('dom','Dominic Pagtalunan',49,NULL,NULL),('eces','Electronic and Communications Engineering Society',12,NULL,NULL),('econorg','Economics Organization',13,NULL,NULL),('englicom','ENGLICOM',14,NULL,NULL),('esa','European Studies Association',15,NULL,NULL),('gaius','Gaius Ambion',48,NULL,NULL),('gas.dlsu.stc','Gakuen Anime Shoshiki',16,NULL,NULL),('imes','Industrial Management Engineering Society',17,NULL,NULL),('jeff','Jeff Dionisio',46,NULL,NULL),('jm','JM Hilario',45,NULL,NULL),('jpia','Junior Philippine Institute of Accountants',18,NULL,NULL),('kenji','Kenji Fukuoka',43,NULL,NULL),('kim','Kim Martinez',44,NULL,NULL),('kkk','Kapatiran ng Kabataan para sa Kaunlaran',19,NULL,NULL),('leylasalle','Ley La Salle',20,NULL,NULL),('lscs','La Salle Computer Society',21,NULL,NULL),('mafia','Management of Financial Institution Association',22,NULL,NULL),('mathcircle','Mathematics Circle',23,NULL,NULL),('mavic','Mavic Reccion',41,NULL,NULL),('mes','Mechanical Engineering Society',24,NULL,NULL),('micoh','Micoh Alvarez',47,NULL,NULL),('moomedia','MooMedia',25,NULL,NULL),('nicolle','Nicolle Magpale',42,NULL,NULL),('nkk','Nihon Kenkyuu Kai',26,NULL,NULL),('outdoor','Outdoor Club',27,NULL,NULL),('physoc','Physics Society',28,NULL,NULL),('pilosopo','Samahan ng Lasalayanong Pilosopo',29,NULL,NULL),('poliscy','Political Science Society',30,NULL,NULL),('rotaract','ROTARACT',31,NULL,NULL),('sdh','Sociedad de Historia',32,NULL,NULL),('sme','Society of Manufacturing Engineering',33,NULL,NULL),('sms','Samahan ng mga Mag-aaral sa Sikolohiya',34,NULL,NULL),('sv','Societas Vitae',35,NULL,NULL),('teamcomm','Team Communications',36,NULL,NULL),('unisto','United International Student Organization',37,NULL,NULL),('united','Union of Students Inspired Towards Education',38,NULL,NULL),('wg','Writers  Guild',39,NULL,NULL),('yes','Young Entrepreneurs Society',40,NULL,NULL);
/*!40000 ALTER TABLE `org` ENABLE KEYS */;
UNLOCK TABLES;

--
-- Table structure for table `requirement`
--

DROP TABLE IF EXISTS `requirement`;
/*!40101 SET @saved_cs_client     = @@character_set_client */;
/*!40101 SET character_set_client = utf8 */;
CREATE TABLE `requirement` (
  `requirementID` int(11) NOT NULL,
  `requirementname` varchar(500) DEFAULT NULL,
  PRIMARY KEY (`requirementID`)
) ENGINE=InnoDB DEFAULT CHARSET=utf8;
/*!40101 SET character_set_client = @saved_cs_client */;

--
-- Dumping data for table `requirement`
--

LOCK TABLES `requirement` WRITE;
/*!40000 ALTER TABLE `requirement` DISABLE KEYS */;
INSERT INTO `requirement` VALUES (1,'Pre-Acts Requirements'),(2,'General Attendance Log Sheet'),(3,' List of Expenses'),(4,' List of Pictures'),(5,'Activity Report'),(6,'Approved Memorandum of Agreement'),(7,'List of Winners'),(8,'FRA Report'),(9,'Income Statement'),(10,'Names of Doctors/Nurses/Dentists'),(11,'List of Patients/Participants'),(12,'Evaluation Results'),(13,'List of Participants and Winners'),(14,'List of Sponsors'),(15,'Results of Audition'),(16,'Approved Publicity Visuals by the Publicity and Productions Team'),(17,'List of Collected Items  (If the\ndonations will be collected)'),(18,'Minutes of the Meeting'),(19,'Sample Publication'),(20,'General Attendance Log Sheet (if not online)'),(21,'Approved Publicity Visuals by the Publicity and Productions Team (If the activity is a publicity in nature)'),(22,'List of Pictures (If the activity is not a publicity in nature)'),(23,'General Attendance Log Sheet (If the booth is an interactive booth)');
/*!40000 ALTER TABLE `requirement` ENABLE KEYS */;
UNLOCK TABLES;

--
-- Table structure for table `suspensions`
--

DROP TABLE IF EXISTS `suspensions`;
/*!40101 SET @saved_cs_client     = @@character_set_client */;
/*!40101 SET character_set_client = utf8 */;
CREATE TABLE `suspensions` (
  `suspensionID` int(11) NOT NULL,
  `suspension_date` date NOT NULL,
  PRIMARY KEY (`suspensionID`)
) ENGINE=InnoDB DEFAULT CHARSET=utf8;
/*!40101 SET character_set_client = @saved_cs_client */;

--
-- Dumping data for table `suspensions`
--

LOCK TABLES `suspensions` WRITE;
/*!40000 ALTER TABLE `suspensions` DISABLE KEYS */;
/*!40000 ALTER TABLE `suspensions` ENABLE KEYS */;
UNLOCK TABLES;

--
-- Table structure for table `user`
--

DROP TABLE IF EXISTS `user`;
/*!40101 SET @saved_cs_client     = @@character_set_client */;
/*!40101 SET character_set_client = utf8 */;
CREATE TABLE `user` (
  `userID` int(11) NOT NULL AUTO_INCREMENT,
  `email` varchar(45) NOT NULL,
  `usertype` varchar(45) DEFAULT NULL,
  PRIMARY KEY (`userID`)
) ENGINE=InnoDB AUTO_INCREMENT=50 DEFAULT CHARSET=utf8;
/*!40101 SET character_set_client = @saved_cs_client */;

--
-- Dumping data for table `user`
--

LOCK TABLES `user` WRITE;
/*!40000 ALTER TABLE `user` DISABLE KEYS */;
INSERT INTO `user` VALUES (1,'access@dlsu.edu.ph','ORGREP'),(2,'adcreate@dlsu.edu.ph','ORGREP'),(3,'aisec@dlsu.edu.ph','ORGREP'),(4,'amstud@dlsu.edu.ph','ORGREP'),(5,'bms@dlsu.edu.ph','ORGREP'),(6,'bss@dlsu.edu.ph','ORGREP'),(7,'ces@dlsu.edu.ph','ORGREP'),(8,'chemsoc@dlsu.edu.ph','ORGREP'),(9,'chen@dlsu.edu.ph','ORGREP'),(10,'dlsucultura@gmail.com','ORGREP'),(11,'danum@dlsu.edu.ph','ORGREP'),(12,'eccs@dlsu.edu.ph','ORGREP'),(13,'econorg@dlsu.edu.ph','ORGREP'),(14,'englicom@dlsu.edu.ph','ORGREP'),(15,'esa@dlsu.edu.ph','ORGREP'),(16,'gas.dlsu.stc@gmail.com','ORGREP'),(17,'imes@dlsu.edu.ph','ORGREP'),(18,'jpia@dlsu.edu.ph','ORGREP'),(19,'kkk@dlsu.edu.ph','ORGREP'),(20,'leylasalle@dlsu.edu.ph','ORGREP'),(21,'lscs@dlsu.edu.ph','ORGREP'),(22,'mafia@dlsu.edu.ph','ORGREP'),(23,'mathcircle@dlsu.edu.ph','ORGREP'),(24,'mes@dlsu.edu.ph','ORGREP'),(25,'moomedia@dlsu.edu.ph','ORGREP'),(26,'nkk@dlsu.edu.ph','ORGREP'),(27,'outdoor@dlsu.edu.ph','ORGREP'),(28,'physoc@dlsu.edu.ph','ORGREP'),(29,'pilosopo@dlsu.edu.ph','ORGREP'),(30,'poliscy@dlsu.edu.ph','ORGREP'),(31,'rotaract@dlsu.edu.ph','ORGREP'),(32,'sdh@dlsu.edu.ph','ORGREP'),(33,'sme@dlsu.edu.ph','ORGREP'),(34,'sms@dlsu.edu.ph','ORGREP'),(35,'sv@dlsu.edu.ph','ORGREP'),(36,'teamcomm@dlsu.edu.ph','ORGREP'),(37,'unisto@dlsu.edu.ph','ORGREP'),(38,'united@dlsu.edu.ph','ORGREP'),(39,'wg@dlsu.edu.ph','ORGREP'),(40,'yes@dlsu.edu.ph','ORGREP'),(41,'maria_victoria_reccion@dlsu.edu.ph','ORGREP'),(42,'nicolle_magpale@dlsu.edu.ph','ORGREP'),(43,'kenji_fukuoka@dlsu.edu.ph','ORGREP'),(44,'kimberly_martinez@dlsu.edu.ph','ORGREP'),(45,'jose_mari_hilario@dlsu.edu.ph','ORGREP'),(46,'jefferson_dionisio@dlsu.edu.ph','ORGREP'),(47,'raymund_alvarez@dlsu.edu.ph','ORGREP'),(48,'gaius_ambion@dlsu.edu.ph','ORGREP'),(49,'dominic_pagtalunan@dlsu.edu.ph','ORGREP');
/*!40000 ALTER TABLE `user` ENABLE KEYS */;
UNLOCK TABLES;
/*!40103 SET TIME_ZONE=@OLD_TIME_ZONE */;

/*!40101 SET SQL_MODE=@OLD_SQL_MODE */;
/*!40014 SET FOREIGN_KEY_CHECKS=@OLD_FOREIGN_KEY_CHECKS */;
/*!40014 SET UNIQUE_CHECKS=@OLD_UNIQUE_CHECKS */;
/*!40101 SET CHARACTER_SET_CLIENT=@OLD_CHARACTER_SET_CLIENT */;
/*!40101 SET CHARACTER_SET_RESULTS=@OLD_CHARACTER_SET_RESULTS */;
/*!40101 SET COLLATION_CONNECTION=@OLD_COLLATION_CONNECTION */;
/*!40111 SET SQL_NOTES=@OLD_SQL_NOTES */;

-- Dump completed on 2016-11-17 18:17:29
